Expediente,Fecha resolucion,Sala,PDF link
CFP 5048/2016,29/08/2017, CAMARA CRIMINAL Y CORRECCIONAL FEDERAL - SALA 1,http://www.cij.gov.ar/scp/include/showFile.php?acc=showFAR&id=5677058&tipo=corrupcion-administrativa
CFP 5048/2016,29/08/2017, CAMARA CRIMINAL Y CORRECCIONAL FEDERAL - SALA 1,http://www.cij.gov.ar/scp/include/showFile.php?acc=showFAR&id=5677059&tipo=corrupcion-administrativa
CFP 5048/2016,13/07/2017, CAMARA CRIMINAL Y CORRECCIONAL FEDERAL - SALA 1,http://www.cij.gov.ar/scp/include/showFile.php?acc=showFAR&id=5588686&tipo=corrupcion-administrativa
CFP 5048/2016,16/05/2017, CAMARA CRIMINAL Y CORRECCIONAL FEDERAL - SALA 1,http://www.cij.gov.ar/scp/include/showFile.php?acc=showFAR&id=5291429&tipo=corrupcion-administrativa
CFP 5048/2016,11/05/2017, CAMARA CRIMINAL Y CORRECCIONAL FEDERAL - SALA 1,http://www.cij.gov.ar/scp/include/showFile.php?acc=showFAR&id=5264415&tipo=corrupcion-administrativa
CFP 5048/2016,11/05/2017, CAMARA CRIMINAL Y CORRECCIONAL FEDERAL - SALA 1,http://www.cij.gov.ar/scp/include/showFile.php?acc=showFAR&id=5264416&tipo=corrupcion-administrativa
CFP 5048/2016,02/05/2017, CAMARA CRIMINAL Y CORRECCIONAL FEDERAL - SALA 1,http://www.cij.gov.ar/scp/include/showFile.php?acc=showFAR&id=5214070&tipo=corrupcion-administrativa
CFP 5048/2016,21/03/2017, CAMARA CRIMINAL Y CORRECCIONAL FEDERAL - SALA 1,http://www.cij.gov.ar/scp/include/showFile.php?acc=showFAR&id=5065028&tipo=corrupcion-administrativa
CFP 5048/2016,14/03/2017, CAMARA CRIMINAL Y CORRECCIONAL FEDERAL - SALA 1,http://www.cij.gov.ar/scp/include/showFile.php?acc=showFAR&id=5039895&tipo=corrupcion-administrativa
CFP 5048/2016,14/03/2017, CAMARA CRIMINAL Y CORRECCIONAL FEDERAL - SALA 1,http://www.cij.gov.ar/scp/include/showFile.php?acc=showFAR&id=5039896&tipo=corrupcion-administrativa
CFP 5048/2016,30/12/2016, CAMARA CRIMINAL Y CORRECCIONAL FEDERAL - SALA 1,http://www.cij.gov.ar/scp/include/showFile.php?acc=showFAR&id=4903062&tipo=corrupcion-administrativa
CFP 5048/2016,29/12/2016, CAMARA CRIMINAL Y CORRECCIONAL FEDERAL - SALA 1,http://www.cij.gov.ar/scp/include/showFile.php?acc=showFAR&id=4905289&tipo=corrupcion-administrativa
CFP 5048/2016,29/12/2016, CAMARA CRIMINAL Y CORRECCIONAL FEDERAL - SALA 1,http://www.cij.gov.ar/scp/include/showFile.php?acc=showFAR&id=4905215&tipo=corrupcion-administrativa
CFP 5048/2016,15/12/2016, CAMARA CRIMINAL Y CORRECCIONAL FEDERAL - SALA 1,http://www.cij.gov.ar/scp/include/showFile.php?acc=showFAR&id=4859608&tipo=corrupcion-administrativa
CFP 3017/2013,31/08/2017, CAMARA CRIMINAL Y CORRECCIONAL FEDERAL - SALA 2,http://www.cij.gov.ar/scp/include/showFile.php?acc=showFAR&id=5686619&tipo=corrupcion-administrativa
CFP 3017/2013,31/08/2017, CAMARA CRIMINAL Y CORRECCIONAL FEDERAL - SALA 2,http://www.cij.gov.ar/scp/include/showFile.php?acc=showFAR&id=5686615&tipo=corrupcion-administrativa
CFP 3017/2013,31/08/2017, CAMARA CRIMINAL Y CORRECCIONAL FEDERAL - SALA 2,http://www.cij.gov.ar/scp/include/showFile.php?acc=showFAR&id=5686548&tipo=corrupcion-administrativa
CFP 3017/2013,09/08/2017, CAMARA CRIMINAL Y CORRECCIONAL FEDERAL - SALA 2,http://www.cij.gov.ar/scp/include/showFile.php?acc=showFAR&id=5596347&tipo=corrupcion-administrativa
CFP 3017/2013,09/08/2017, CAMARA CRIMINAL Y CORRECCIONAL FEDERAL - SALA 2,http://www.cij.gov.ar/scp/include/showFile.php?acc=showFAR&id=5596490&tipo=corrupcion-administrativa
CFP 3017/2013,09/08/2017, CAMARA CRIMINAL Y CORRECCIONAL FEDERAL - SALA 2,http://www.cij.gov.ar/scp/include/showFile.php?acc=showFAR&id=5596440&tipo=corrupcion-administrativa
CFP 3017/2013,08/08/2017, CAMARA CRIMINAL Y CORRECCIONAL FEDERAL - SALA 2,http://www.cij.gov.ar/scp/include/showFile.php?acc=showFAR&id=5589023&tipo=corrupcion-administrativa
CFP 3017/2013,03/08/2017, CAMARA CRIMINAL Y CORRECCIONAL FEDERAL - SALA 2,http://www.cij.gov.ar/scp/include/showFile.php?acc=showFAR&id=5571685&tipo=corrupcion-administrativa
CFP 3017/2013,02/08/2017, CAMARA CRIMINAL Y CORRECCIONAL FEDERAL - SALA 2,http://www.cij.gov.ar/scp/include/showFile.php?acc=showFAR&id=5565823&tipo=corrupcion-administrativa
CFP 3017/2013,27/06/2017, CAMARA CRIMINAL Y CORRECCIONAL FEDERAL - SALA 2,http://www.cij.gov.ar/scp/include/showFile.php?acc=showFAR&id=5464711&tipo=corrupcion-administrativa
CFP 3017/2013,01/06/2017, CAMARA CRIMINAL Y CORRECCIONAL FEDERAL - SALA 2,http://www.cij.gov.ar/scp/include/showFile.php?acc=showFAR&id=5360351&tipo=corrupcion-administrativa
CFP 3017/2013,31/05/2017, CAMARA CRIMINAL Y CORRECCIONAL FEDERAL - SALA 2,http://www.cij.gov.ar/scp/include/showFile.php?acc=showFAR&id=5355466&tipo=corrupcion-administrativa
CFP 3017/2013,31/05/2017, CAMARA CRIMINAL Y CORRECCIONAL FEDERAL - SALA 2,http://www.cij.gov.ar/scp/include/showFile.php?acc=showFAR&id=5355492&tipo=corrupcion-administrativa
CFP 3017/2013,29/05/2017, CAMARA CRIMINAL Y CORRECCIONAL FEDERAL - SALA 2,http://www.cij.gov.ar/scp/include/showFile.php?acc=showFAR&id=5340059&tipo=corrupcion-administrativa
CFP 3017/2013,29/05/2017, CAMARA CRIMINAL Y CORRECCIONAL FEDERAL - SALA 2,http://www.cij.gov.ar/scp/include/showFile.php?acc=showFAR&id=5340027&tipo=corrupcion-administrativa
CFP 3017/2013,12/05/2017, CAMARA CRIMINAL Y CORRECCIONAL FEDERAL - SALA 2,http://www.cij.gov.ar/scp/include/showFile.php?acc=showFAR&id=5270274&tipo=corrupcion-administrativa
CFP 3017/2013,12/05/2017, CAMARA CRIMINAL Y CORRECCIONAL FEDERAL - SALA 2,http://www.cij.gov.ar/scp/include/showFile.php?acc=showFAR&id=5270394&tipo=corrupcion-administrativa
CFP 3017/2013,12/05/2017, CAMARA CRIMINAL Y CORRECCIONAL FEDERAL - SALA 2,http://www.cij.gov.ar/scp/include/showFile.php?acc=showFAR&id=5270303&tipo=corrupcion-administrativa
CFP 3017/2013,10/05/2017, CAMARA CRIMINAL Y CORRECCIONAL FEDERAL - SALA 2,http://www.cij.gov.ar/scp/include/showFile.php?acc=showFAR&id=5257563&tipo=corrupcion-administrativa
CFP 3017/2013,10/05/2017, CAMARA CRIMINAL Y CORRECCIONAL FEDERAL - SALA 2,http://www.cij.gov.ar/scp/include/showFile.php?acc=showFAR&id=5257053&tipo=corrupcion-administrativa
CFP 3017/2013,05/05/2017, CAMARA CRIMINAL Y CORRECCIONAL FEDERAL - SALA 2,http://www.cij.gov.ar/scp/include/showFile.php?acc=showFAR&id=5237143&tipo=corrupcion-administrativa
CFP 3017/2013,05/05/2017, CAMARA CRIMINAL Y CORRECCIONAL FEDERAL - SALA 2,http://www.cij.gov.ar/scp/include/showFile.php?acc=showFAR&id=5237084&tipo=corrupcion-administrativa
CFP 3017/2013,04/05/2017, CAMARA CRIMINAL Y CORRECCIONAL FEDERAL - SALA 2,http://www.cij.gov.ar/scp/include/showFile.php?acc=showFAR&id=5235505&tipo=corrupcion-administrativa
CFP 3017/2013,02/05/2017, CAMARA CRIMINAL Y CORRECCIONAL FEDERAL - SALA 2,http://www.cij.gov.ar/scp/include/showFile.php?acc=showFAR&id=5215101&tipo=corrupcion-administrativa
CFP 3017/2013,28/04/2017, CAMARA CRIMINAL Y CORRECCIONAL FEDERAL - SALA 2,http://www.cij.gov.ar/scp/include/showFile.php?acc=showFAR&id=5210012&tipo=corrupcion-administrativa
CFP 3017/2013,10/04/2017, CAMARA CRIMINAL Y CORRECCIONAL FEDERAL - SALA 2,http://www.cij.gov.ar/scp/include/showFile.php?acc=showFAR&id=5133302&tipo=corrupcion-administrativa
CFP 3017/2013,10/04/2017, CAMARA CRIMINAL Y CORRECCIONAL FEDERAL - SALA 2,http://www.cij.gov.ar/scp/include/showFile.php?acc=showFAR&id=5133295&tipo=corrupcion-administrativa
CFP 3017/2013,10/04/2017, CAMARA CRIMINAL Y CORRECCIONAL FEDERAL - SALA 2,http://www.cij.gov.ar/scp/include/showFile.php?acc=showFAR&id=5133247&tipo=corrupcion-administrativa
CFP 3017/2013,06/04/2017, CAMARA CRIMINAL Y CORRECCIONAL FEDERAL - SALA 2,http://www.cij.gov.ar/scp/include/showFile.php?acc=showFAR&id=5122173&tipo=corrupcion-administrativa
CFP 3017/2013,06/04/2017, CAMARA CRIMINAL Y CORRECCIONAL FEDERAL - SALA 2,http://www.cij.gov.ar/scp/include/showFile.php?acc=showFAR&id=5122138&tipo=corrupcion-administrativa
CFP 3017/2013,23/03/2017, CAMARA CRIMINAL Y CORRECCIONAL FEDERAL - SALA 2,http://www.cij.gov.ar/scp/include/showFile.php?acc=showFAR&id=5072091&tipo=corrupcion-administrativa
CFP 3017/2013,21/03/2017, CAMARA CRIMINAL Y CORRECCIONAL FEDERAL - SALA 2,http://www.cij.gov.ar/scp/include/showFile.php?acc=showFAR&id=5064370&tipo=corrupcion-administrativa
CFP 3017/2013,21/03/2017, CAMARA CRIMINAL Y CORRECCIONAL FEDERAL - SALA 2,http://www.cij.gov.ar/scp/include/showFile.php?acc=showFAR&id=5064312&tipo=corrupcion-administrativa
CFP 3017/2013,21/03/2017, CAMARA CRIMINAL Y CORRECCIONAL FEDERAL - SALA 2,http://www.cij.gov.ar/scp/include/showFile.php?acc=showFAR&id=5064291&tipo=corrupcion-administrativa
CFP 3017/2013,10/03/2017, CAMARA CRIMINAL Y CORRECCIONAL FEDERAL - SALA 2,http://www.cij.gov.ar/scp/include/showFile.php?acc=showFAR&id=5028681&tipo=corrupcion-administrativa
CFP 3017/2013,24/02/2017, CAMARA CRIMINAL Y CORRECCIONAL FEDERAL - SALA 2,http://www.cij.gov.ar/scp/include/showFile.php?acc=showFAR&id=4991140&tipo=corrupcion-administrativa
CFP 3017/2013,24/02/2017, CAMARA CRIMINAL Y CORRECCIONAL FEDERAL - SALA 2,http://www.cij.gov.ar/scp/include/showFile.php?acc=showFAR&id=4991137&tipo=corrupcion-administrativa
CFP 3017/2013,21/02/2017, CAMARA CRIMINAL Y CORRECCIONAL FEDERAL - SALA 2,http://www.cij.gov.ar/scp/include/showFile.php?acc=showFAR&id=4975352&tipo=corrupcion-administrativa
CFP 3017/2013,17/02/2017, CAMARA CRIMINAL Y CORRECCIONAL FEDERAL - SALA 2,http://www.cij.gov.ar/scp/include/showFile.php?acc=showFAR&id=4965833&tipo=corrupcion-administrativa
CFP 3017/2013,15/02/2017, CAMARA CRIMINAL Y CORRECCIONAL FEDERAL - SALA 2,http://www.cij.gov.ar/scp/include/showFile.php?acc=showFAR&id=4957561&tipo=corrupcion-administrativa
CFP 3017/2013,14/02/2017, CAMARA CRIMINAL Y CORRECCIONAL FEDERAL - SALA 2,http://www.cij.gov.ar/scp/include/showFile.php?acc=showFAR&id=4952299&tipo=corrupcion-administrativa
CFP 3017/2013,26/01/2017, CAMARA CRIMINAL Y CORRECCIONAL FEDERAL - SALA 2,http://www.cij.gov.ar/scp/include/showFile.php?acc=showFAR&id=4911330&tipo=corrupcion-administrativa
CFP 3017/2013,23/01/2017, CAMARA CRIMINAL Y CORRECCIONAL FEDERAL - SALA 2,http://www.cij.gov.ar/scp/include/showFile.php?acc=showFAR&id=4910876&tipo=corrupcion-administrativa
CFP 3017/2013,23/01/2017, CAMARA CRIMINAL Y CORRECCIONAL FEDERAL - SALA 2,http://www.cij.gov.ar/scp/include/showFile.php?acc=showFAR&id=4910877&tipo=corrupcion-administrativa
CFP 3017/2013,23/01/2017, CAMARA CRIMINAL Y CORRECCIONAL FEDERAL - SALA 2,http://www.cij.gov.ar/scp/include/showFile.php?acc=showFAR&id=4910875&tipo=corrupcion-administrativa
CFP 3017/2013,06/12/2016, CAMARA CRIMINAL Y CORRECCIONAL FEDERAL - SALA 2,http://www.cij.gov.ar/scp/include/showFile.php?acc=showFAR&id=4834192&tipo=corrupcion-administrativa
CFP 3017/2013,06/12/2016, CAMARA CRIMINAL Y CORRECCIONAL FEDERAL - SALA 2,http://www.cij.gov.ar/scp/include/showFile.php?acc=showFAR&id=4834189&tipo=corrupcion-administrativa
CFP 3017/2013,06/12/2016, CAMARA CRIMINAL Y CORRECCIONAL FEDERAL - SALA 2,http://www.cij.gov.ar/scp/include/showFile.php?acc=showFAR&id=4834167&tipo=corrupcion-administrativa
CFP 3017/2013,06/12/2016, CAMARA CRIMINAL Y CORRECCIONAL FEDERAL - SALA 2,http://www.cij.gov.ar/scp/include/showFile.php?acc=showFAR&id=4834209&tipo=corrupcion-administrativa
CFP 3017/2013,29/11/2016, CAMARA CRIMINAL Y CORRECCIONAL FEDERAL - SALA 2,http://www.cij.gov.ar/scp/include/showFile.php?acc=showFAR&id=4811808&tipo=corrupcion-administrativa
CFP 3017/2013,24/11/2016, CAMARA CRIMINAL Y CORRECCIONAL FEDERAL - SALA 2,http://www.cij.gov.ar/scp/include/showFile.php?acc=showFAR&id=4803664&tipo=corrupcion-administrativa
CFP 3017/2013,22/11/2016, CAMARA CRIMINAL Y CORRECCIONAL FEDERAL - SALA 2,http://www.cij.gov.ar/scp/include/showFile.php?acc=showFAR&id=4794518&tipo=corrupcion-administrativa
CFP 3017/2013,17/11/2016, CAMARA CRIMINAL Y CORRECCIONAL FEDERAL - SALA 2,http://www.cij.gov.ar/scp/include/showFile.php?acc=showFAR&id=4780627&tipo=corrupcion-administrativa
CFP 3017/2013,10/11/2016, CAMARA CRIMINAL Y CORRECCIONAL FEDERAL - SALA 2,http://www.cij.gov.ar/scp/include/showFile.php?acc=showFAR&id=4763668&tipo=corrupcion-administrativa
CFP 3017/2013,09/11/2016, CAMARA CRIMINAL Y CORRECCIONAL FEDERAL - SALA 2,http://www.cij.gov.ar/scp/include/showFile.php?acc=showFAR&id=4761853&tipo=corrupcion-administrativa
CFP 3017/2013,09/11/2016, CAMARA CRIMINAL Y CORRECCIONAL FEDERAL - SALA 2,http://www.cij.gov.ar/scp/include/showFile.php?acc=showFAR&id=4761851&tipo=corrupcion-administrativa
CFP 3017/2013,02/11/2016, CAMARA CRIMINAL Y CORRECCIONAL FEDERAL - SALA 2,http://www.cij.gov.ar/scp/include/showFile.php?acc=showFAR&id=4742355&tipo=corrupcion-administrativa
CFP 3017/2013,26/10/2016, CAMARA CRIMINAL Y CORRECCIONAL FEDERAL - SALA 2,http://www.cij.gov.ar/scp/include/showFile.php?acc=showFAR&id=4719154&tipo=corrupcion-administrativa
CFP 3017/2013,14/10/2016, CAMARA CRIMINAL Y CORRECCIONAL FEDERAL - SALA 2,http://www.cij.gov.ar/scp/include/showFile.php?acc=showFAR&id=4680189&tipo=corrupcion-administrativa
CFP 3017/2013,04/10/2016, CAMARA CRIMINAL Y CORRECCIONAL FEDERAL - SALA 2,http://www.cij.gov.ar/scp/include/showFile.php?acc=showFAR&id=4648231&tipo=corrupcion-administrativa
CFP 3017/2013,03/10/2016, CAMARA CRIMINAL Y CORRECCIONAL FEDERAL - SALA 2,http://www.cij.gov.ar/scp/include/showFile.php?acc=showFAR&id=4643454&tipo=corrupcion-administrativa
CFP 3017/2013,28/09/2016, CAMARA CRIMINAL Y CORRECCIONAL FEDERAL - SALA 2,http://www.cij.gov.ar/scp/include/showFile.php?acc=showFAR&id=4629872&tipo=corrupcion-administrativa
CFP 3017/2013,21/09/2016, CAMARA CRIMINAL Y CORRECCIONAL FEDERAL - SALA 2,http://www.cij.gov.ar/scp/include/showFile.php?acc=showFAR&id=4605518&tipo=corrupcion-administrativa
CFP 3017/2013,20/09/2016, CAMARA CRIMINAL Y CORRECCIONAL FEDERAL - SALA 2,http://www.cij.gov.ar/scp/include/showFile.php?acc=showFAR&id=4600286&tipo=corrupcion-administrativa
CFP 3017/2013,20/09/2016, CAMARA CRIMINAL Y CORRECCIONAL FEDERAL - SALA 2,http://www.cij.gov.ar/scp/include/showFile.php?acc=showFAR&id=4600366&tipo=corrupcion-administrativa
CFP 3017/2013,20/09/2016, CAMARA CRIMINAL Y CORRECCIONAL FEDERAL - SALA 2,http://www.cij.gov.ar/scp/include/showFile.php?acc=showFAR&id=4600278&tipo=corrupcion-administrativa
CFP 3017/2013,13/09/2016, CAMARA CRIMINAL Y CORRECCIONAL FEDERAL - SALA 2,http://www.cij.gov.ar/scp/include/showFile.php?acc=showFAR&id=4577566&tipo=corrupcion-administrativa
CFP 3017/2013,07/09/2016, CAMARA CRIMINAL Y CORRECCIONAL FEDERAL - SALA 2,http://www.cij.gov.ar/scp/include/showFile.php?acc=showFAR&id=4559290&tipo=corrupcion-administrativa
CFP 3017/2013,01/09/2016, CAMARA CRIMINAL Y CORRECCIONAL FEDERAL - SALA 2,http://www.cij.gov.ar/scp/include/showFile.php?acc=showFAR&id=4542200&tipo=corrupcion-administrativa
CFP 3017/2013,29/08/2016, CAMARA CRIMINAL Y CORRECCIONAL FEDERAL - SALA 2,http://www.cij.gov.ar/scp/include/showFile.php?acc=showFAR&id=4531157&tipo=corrupcion-administrativa
CFP 3017/2013,24/08/2016, CAMARA CRIMINAL Y CORRECCIONAL FEDERAL - SALA 2,http://www.cij.gov.ar/scp/include/showFile.php?acc=showFAR&id=4512159&tipo=corrupcion-administrativa
CFP 3017/2013,12/08/2016, CAMARA CRIMINAL Y CORRECCIONAL FEDERAL - SALA 2,http://www.cij.gov.ar/scp/include/showFile.php?acc=showFAR&id=4479544&tipo=corrupcion-administrativa
CFP 3017/2013,05/08/2016, CAMARA CRIMINAL Y CORRECCIONAL FEDERAL - SALA 2,http://www.cij.gov.ar/scp/include/showFile.php?acc=showFAR&id=4452145&tipo=corrupcion-administrativa
CFP 3017/2013,15/07/2016, CAMARA CRIMINAL Y CORRECCIONAL FEDERAL - SALA 2,http://www.cij.gov.ar/scp/include/showFile.php?acc=showFAR&id=4425237&tipo=corrupcion-administrativa
CFP 3017/2013,14/07/2016, CAMARA CRIMINAL Y CORRECCIONAL FEDERAL - SALA 2,http://www.cij.gov.ar/scp/include/showFile.php?acc=showFAR&id=4420349&tipo=corrupcion-administrativa
CFP 3017/2013,30/06/2016, CAMARA CRIMINAL Y CORRECCIONAL FEDERAL - SALA 2,http://www.cij.gov.ar/scp/include/showFile.php?acc=showFAR&id=4381680&tipo=corrupcion-administrativa
CFP 3017/2013,16/06/2016, CAMARA CRIMINAL Y CORRECCIONAL FEDERAL - SALA 2,http://www.cij.gov.ar/scp/include/showFile.php?acc=showFAR&id=4338564&tipo=corrupcion-administrativa
CFP 3017/2013,14/06/2016, CAMARA CRIMINAL Y CORRECCIONAL FEDERAL - SALA 2,http://www.cij.gov.ar/scp/include/showFile.php?acc=showFAR&id=4335095&tipo=corrupcion-administrativa
CFP 3017/2013,31/05/2016, CAMARA CRIMINAL Y CORRECCIONAL FEDERAL - SALA 2,http://www.cij.gov.ar/scp/include/showFile.php?acc=showFAR&id=4284854&tipo=corrupcion-administrativa
CFP 3017/2013,16/05/2016, CAMARA CRIMINAL Y CORRECCIONAL FEDERAL - SALA 2,http://www.cij.gov.ar/scp/include/showFile.php?acc=showFAR&id=4241425&tipo=corrupcion-administrativa
CFP 3017/2013,28/04/2016, CAMARA CRIMINAL Y CORRECCIONAL FEDERAL - SALA 2,http://www.cij.gov.ar/scp/include/showFile.php?acc=showFAR&id=4186818&tipo=corrupcion-administrativa
CFP 3017/2013,25/04/2016, CAMARA CRIMINAL Y CORRECCIONAL FEDERAL - SALA 2,http://www.cij.gov.ar/scp/include/showFile.php?acc=showFAR&id=4173873&tipo=corrupcion-administrativa
CFP 3017/2013,14/04/2016, CAMARA CRIMINAL Y CORRECCIONAL FEDERAL - SALA 2,http://www.cij.gov.ar/scp/include/showFile.php?acc=showFAR&id=4139157&tipo=corrupcion-administrativa
CFP 3017/2013,14/04/2016, CAMARA CRIMINAL Y CORRECCIONAL FEDERAL - SALA 2,http://www.cij.gov.ar/scp/include/showFile.php?acc=showFAR&id=4139140&tipo=corrupcion-administrativa
CFP 3017/2013,31/03/2016, CAMARA CRIMINAL Y CORRECCIONAL FEDERAL - SALA 2,http://www.cij.gov.ar/scp/include/showFile.php?acc=showFAR&id=4091425&tipo=corrupcion-administrativa
CFP 3017/2013,22/12/2015, CAMARA CRIMINAL Y CORRECCIONAL FEDERAL - SALA 2,http://www.cij.gov.ar/scp/include/showFile.php?acc=showFAR&id=3880520&tipo=corrupcion-administrativa
CFP 3017/2013,14/12/2015, CAMARA CRIMINAL Y CORRECCIONAL FEDERAL - SALA 2,http://www.cij.gov.ar/scp/include/showFile.php?acc=showFAR&id=3854549&tipo=corrupcion-administrativa
CFP 3017/2013,15/06/2015, CAMARA CRIMINAL Y CORRECCIONAL FEDERAL - SALA 2,http://www.cij.gov.ar/scp/include/showFile.php?acc=showFAR&id=3362509&tipo=corrupcion-administrativa
CFP 3017/2013,28/05/2015, CAMARA CRIMINAL Y CORRECCIONAL FEDERAL - SALA 2,http://www.cij.gov.ar/scp/include/showFile.php?acc=showFAR&id=3314646&tipo=corrupcion-administrativa
CFP 3017/2013,22/04/2015, CAMARA CRIMINAL Y CORRECCIONAL FEDERAL - SALA 2,http://www.cij.gov.ar/scp/include/showFile.php?acc=showFAR&id=3217347&tipo=corrupcion-administrativa
CFP 3017/2013,27/03/2015, CAMARA CRIMINAL Y CORRECCIONAL FEDERAL - SALA 2,http://www.cij.gov.ar/scp/include/showFile.php?acc=showFAR&id=3164221&tipo=corrupcion-administrativa
CFP 3017/2013,27/03/2015, CAMARA CRIMINAL Y CORRECCIONAL FEDERAL - SALA 2,http://www.cij.gov.ar/scp/include/showFile.php?acc=showFAR&id=3164220&tipo=corrupcion-administrativa
CFP 3017/2013,04/02/2015, CAMARA CRIMINAL Y CORRECCIONAL FEDERAL - SALA 2,http://www.cij.gov.ar/scp/include/showFile.php?acc=showFAR&id=1887924&tipo=corrupcion-administrativa
CFP 3017/2013,22/12/2014, CAMARA CRIMINAL Y CORRECCIONAL FEDERAL - SALA 2,http://www.cij.gov.ar/scp/include/showFile.php?acc=showFAR&id=1862204&tipo=corrupcion-administrativa
CFP 3017/2013,20/08/2014, CAMARA CRIMINAL Y CORRECCIONAL FEDERAL - SALA 2,http://www.cij.gov.ar/scp/include/showFile.php?acc=showFAR&id=1136013&tipo=corrupcion-administrativa
CFP 3017/2013,16/07/2014, CAMARA CRIMINAL Y CORRECCIONAL FEDERAL - SALA 2,http://www.cij.gov.ar/scp/include/showFile.php?acc=showFAR&id=1000251&tipo=corrupcion-administrativa
CFP 3017/2013,12/06/2014, CAMARA CRIMINAL Y CORRECCIONAL FEDERAL - SALA 2,http://www.cij.gov.ar/scp/include/showFile.php?acc=showFAR&id=621193&tipo=corrupcion-administrativa
CFP 1196/2017,15/08/2017, CAMARA CRIMINAL Y CORRECCIONAL FEDERAL - SALA 1,http://www.cij.gov.ar/scp/include/showFile.php?acc=showFAR&id=5622721&tipo=corrupcion-administrativa
CFP 3732/2016,12/09/2017, CAMARA CRIMINAL Y CORRECCIONAL FEDERAL - SALA 1,http://www.cij.gov.ar/scp/include/showFile.php?acc=showFAR&id=5732496&tipo=corrupcion-administrativa
CFP 3732/2016,12/09/2017, CAMARA CRIMINAL Y CORRECCIONAL FEDERAL - SALA 1,http://www.cij.gov.ar/scp/include/showFile.php?acc=showFAR&id=5732482&tipo=corrupcion-administrativa
CFP 3732/2016,31/08/2017, CAMARA CRIMINAL Y CORRECCIONAL FEDERAL - SALA 1,http://www.cij.gov.ar/scp/include/showFile.php?acc=showFAR&id=5689836&tipo=corrupcion-administrativa
CFP 3732/2016,31/08/2017, CAMARA CRIMINAL Y CORRECCIONAL FEDERAL - SALA 1,http://www.cij.gov.ar/scp/include/showFile.php?acc=showFAR&id=5689771&tipo=corrupcion-administrativa
CFP 3732/2016,31/08/2017, CAMARA CRIMINAL Y CORRECCIONAL FEDERAL - SALA 1,http://www.cij.gov.ar/scp/include/showFile.php?acc=showFAR&id=5689041&tipo=corrupcion-administrativa
CFP 3732/2016,31/08/2017, CAMARA CRIMINAL Y CORRECCIONAL FEDERAL - SALA 1,http://www.cij.gov.ar/scp/include/showFile.php?acc=showFAR&id=5689168&tipo=corrupcion-administrativa
CFP 3732/2016,31/08/2017, CAMARA CRIMINAL Y CORRECCIONAL FEDERAL - SALA 1,http://www.cij.gov.ar/scp/include/showFile.php?acc=showFAR&id=5689038&tipo=corrupcion-administrativa
CFP 3732/2016,31/08/2017, CAMARA CRIMINAL Y CORRECCIONAL FEDERAL - SALA 1,http://www.cij.gov.ar/scp/include/showFile.php?acc=showFAR&id=5689556&tipo=corrupcion-administrativa
CFP 3732/2016,31/08/2017, CAMARA CRIMINAL Y CORRECCIONAL FEDERAL - SALA 1,http://www.cij.gov.ar/scp/include/showFile.php?acc=showFAR&id=5689026&tipo=corrupcion-administrativa
CFP 3732/2016,31/08/2017, CAMARA CRIMINAL Y CORRECCIONAL FEDERAL - SALA 1,http://www.cij.gov.ar/scp/include/showFile.php?acc=showFAR&id=5688964&tipo=corrupcion-administrativa
CFP 3732/2016,17/08/2017, CAMARA CRIMINAL Y CORRECCIONAL FEDERAL - SALA 1,http://www.cij.gov.ar/scp/include/showFile.php?acc=showFAR&id=5635093&tipo=corrupcion-administrativa
CFP 3732/2016,15/08/2017, CAMARA CRIMINAL Y CORRECCIONAL FEDERAL - SALA 1,http://www.cij.gov.ar/scp/include/showFile.php?acc=showFAR&id=5622928&tipo=corrupcion-administrativa
CFP 3732/2016,03/08/2017, CAMARA CRIMINAL Y CORRECCIONAL FEDERAL - SALA 1,http://www.cij.gov.ar/scp/include/showFile.php?acc=showFAR&id=5572606&tipo=corrupcion-administrativa
CFP 3732/2016,13/07/2017, CAMARA CRIMINAL Y CORRECCIONAL FEDERAL - SALA 1,http://www.cij.gov.ar/scp/include/showFile.php?acc=showFAR&id=5534500&tipo=corrupcion-administrativa
CFP 3732/2016,11/04/2017, CAMARA CRIMINAL Y CORRECCIONAL FEDERAL - SALA 1,http://www.cij.gov.ar/scp/include/showFile.php?acc=showFAR&id=5140073&tipo=corrupcion-administrativa
CFP 3732/2016,30/03/2017, CAMARA CRIMINAL Y CORRECCIONAL FEDERAL - SALA 1,http://www.cij.gov.ar/scp/include/showFile.php?acc=showFAR&id=5097605&tipo=corrupcion-administrativa
CFP 3732/2016,30/03/2017, CAMARA CRIMINAL Y CORRECCIONAL FEDERAL - SALA 1,http://www.cij.gov.ar/scp/include/showFile.php?acc=showFAR&id=5097583&tipo=corrupcion-administrativa
CFP 3732/2016,07/03/2017, CAMARA CRIMINAL Y CORRECCIONAL FEDERAL - SALA 1,http://www.cij.gov.ar/scp/include/showFile.php?acc=showFAR&id=5024462&tipo=corrupcion-administrativa
CFP 3732/2016,16/02/2017, CAMARA CRIMINAL Y CORRECCIONAL FEDERAL - SALA 1,http://www.cij.gov.ar/scp/include/showFile.php?acc=showFAR&id=4965087&tipo=corrupcion-administrativa
CFP 3732/2016,29/12/2016, CAMARA CRIMINAL Y CORRECCIONAL FEDERAL - SALA 1,http://www.cij.gov.ar/scp/include/showFile.php?acc=showFAR&id=4901900&tipo=corrupcion-administrativa
CFP 3732/2016,15/09/2016, CAMARA CRIMINAL Y CORRECCIONAL FEDERAL - SALA 1,http://www.cij.gov.ar/scp/include/showFile.php?acc=showFAR&id=4592309&tipo=corrupcion-administrativa
CFP 3732/2016,24/06/2016, CAMARA CRIMINAL Y CORRECCIONAL FEDERAL - SALA 1,http://www.cij.gov.ar/scp/include/showFile.php?acc=showFAR&id=4357646&tipo=corrupcion-administrativa
CFP 11060/2013,04/05/2017, CAMARA CRIMINAL Y CORRECCIONAL FEDERAL - SALA 1,http://www.cij.gov.ar/scp/include/showFile.php?acc=showFAR&id=5230251&tipo=corrupcion-administrativa
CFP 11060/2013,04/05/2017, CAMARA CRIMINAL Y CORRECCIONAL FEDERAL - SALA 1,http://www.cij.gov.ar/scp/include/showFile.php?acc=showFAR&id=5230239&tipo=corrupcion-administrativa
CFP 11060/2013,04/05/2017, CAMARA CRIMINAL Y CORRECCIONAL FEDERAL - SALA 1,http://www.cij.gov.ar/scp/include/showFile.php?acc=showFAR&id=5230416&tipo=corrupcion-administrativa
CFP 11060/2013,12/04/2017, CAMARA CRIMINAL Y CORRECCIONAL FEDERAL - SALA 1,http://www.cij.gov.ar/scp/include/showFile.php?acc=showFAR&id=5143950&tipo=corrupcion-administrativa
CFP 11060/2013,29/12/2016, CAMARA CRIMINAL Y CORRECCIONAL FEDERAL - SALA 1,http://www.cij.gov.ar/scp/include/showFile.php?acc=showFAR&id=4901792&tipo=corrupcion-administrativa
CFP 11060/2013,15/09/2016, CAMARA CRIMINAL Y CORRECCIONAL FEDERAL - SALA 1,http://www.cij.gov.ar/scp/include/showFile.php?acc=showFAR&id=4586692&tipo=corrupcion-administrativa
CFP 11060/2013,12/07/2016, CAMARA CRIMINAL Y CORRECCIONAL FEDERAL - SALA 1,http://www.cij.gov.ar/scp/include/showFile.php?acc=showFAR&id=4413466&tipo=corrupcion-administrativa
CFP 11060/2013,31/05/2016, CAMARA CRIMINAL Y CORRECCIONAL FEDERAL - SALA 1,http://www.cij.gov.ar/scp/include/showFile.php?acc=showFAR&id=4286011&tipo=corrupcion-administrativa
CFP 3544/2013,21/09/2016, CAMARA CRIMINAL Y CORRECCIONAL FEDERAL - SECRETARIA ESPECIAL,http://www.cij.gov.ar/scp/include/showFile.php?acc=showFAR&id=4608559&tipo=corrupcion-administrativa
CFP 3544/2013,31/05/2016, CAMARA CRIMINAL Y CORRECCIONAL FEDERAL - SALA 1,http://www.cij.gov.ar/scp/include/showFile.php?acc=showFAR&id=4286186&tipo=corrupcion-administrativa
CFP 3544/2013,02/09/2014, CAMARA CRIMINAL Y CORRECCIONAL FEDERAL - SALA 1,http://www.cij.gov.ar/scp/include/showFile.php?acc=showFAR&id=1560033&tipo=corrupcion-administrativa
CFP 3544/2013,17/07/2014, CAMARA CRIMINAL Y CORRECCIONAL FEDERAL - SALA 1,http://www.cij.gov.ar/scp/include/showFile.php?acc=showFAR&id=1002210&tipo=corrupcion-administrativa
CFP 3544/2013,11/03/2014, CAMARA CRIMINAL Y CORRECCIONAL FEDERAL - SALA 1,http://www.cij.gov.ar/scp/include/showFile.php?acc=showFAR&id=477773&tipo=corrupcion-administrativa
CFP 5218/2016,06/09/2017, CAMARA CRIMINAL Y CORRECCIONAL FEDERAL - SALA 2,http://www.cij.gov.ar/scp/include/showFile.php?acc=showFAR&id=5710050&tipo=corrupcion-administrativa
CFP 5218/2016,06/09/2017, CAMARA CRIMINAL Y CORRECCIONAL FEDERAL - SALA 2,http://www.cij.gov.ar/scp/include/showFile.php?acc=showFAR&id=5710099&tipo=corrupcion-administrativa
CFP 5218/2016,06/09/2017, CAMARA CRIMINAL Y CORRECCIONAL FEDERAL - SALA 2,http://www.cij.gov.ar/scp/include/showFile.php?acc=showFAR&id=5710116&tipo=corrupcion-administrativa
CFP 5218/2016,06/09/2017, CAMARA CRIMINAL Y CORRECCIONAL FEDERAL - SALA 2,http://www.cij.gov.ar/scp/include/showFile.php?acc=showFAR&id=5710153&tipo=corrupcion-administrativa
CFP 5218/2016,06/09/2017, CAMARA CRIMINAL Y CORRECCIONAL FEDERAL - SALA 2,http://www.cij.gov.ar/scp/include/showFile.php?acc=showFAR&id=5710155&tipo=corrupcion-administrativa
CFP 5218/2016,06/09/2017, CAMARA CRIMINAL Y CORRECCIONAL FEDERAL - SALA 2,http://www.cij.gov.ar/scp/include/showFile.php?acc=showFAR&id=5710045&tipo=corrupcion-administrativa
CFP 5218/2016,10/08/2017, CAMARA CRIMINAL Y CORRECCIONAL FEDERAL - SALA 2,http://www.cij.gov.ar/scp/include/showFile.php?acc=showFAR&id=5601593&tipo=corrupcion-administrativa
CFP 5218/2016,31/10/2016, CAMARA CRIMINAL Y CORRECCIONAL FEDERAL - SALA 2,http://www.cij.gov.ar/scp/include/showFile.php?acc=showFAR&id=4731745&tipo=corrupcion-administrativa
CFP 5218/2016,31/10/2016, CAMARA CRIMINAL Y CORRECCIONAL FEDERAL - SALA 2,http://www.cij.gov.ar/scp/include/showFile.php?acc=showFAR&id=4731661&tipo=corrupcion-administrativa
CFP 5218/2016,01/09/2016, CAMARA CRIMINAL Y CORRECCIONAL FEDERAL - SALA 2,http://www.cij.gov.ar/scp/include/showFile.php?acc=showFAR&id=4541925&tipo=corrupcion-administrativa
CFP 2752/2015,02/03/2016, CAMARA CRIMINAL Y CORRECCIONAL FEDERAL - SALA 1,http://www.cij.gov.ar/scp/include/showFile.php?acc=showFAR&id=3998461&tipo=corrupcion-administrativa
CFP 2752/2015,02/03/2016, CAMARA CRIMINAL Y CORRECCIONAL FEDERAL - SALA 1,http://www.cij.gov.ar/scp/include/showFile.php?acc=showFAR&id=3998342&tipo=corrupcion-administrativa
CFP 2752/2015,02/03/2016, CAMARA CRIMINAL Y CORRECCIONAL FEDERAL - SALA 1,http://www.cij.gov.ar/scp/include/showFile.php?acc=showFAR&id=3998224&tipo=corrupcion-administrativa
CFP 2752/2015,02/03/2016, CAMARA CRIMINAL Y CORRECCIONAL FEDERAL - SALA 1,http://www.cij.gov.ar/scp/include/showFile.php?acc=showFAR&id=3998150&tipo=corrupcion-administrativa
CFP 2752/2015,16/12/2015, CAMARA CRIMINAL Y CORRECCIONAL FEDERAL - SALA 1,http://www.cij.gov.ar/scp/include/showFile.php?acc=showFAR&id=3862733&tipo=corrupcion-administrativa
CFP 2752/2015,16/12/2015, CAMARA CRIMINAL Y CORRECCIONAL FEDERAL - SALA 1,http://www.cij.gov.ar/scp/include/showFile.php?acc=showFAR&id=3862748&tipo=corrupcion-administrativa
CFP 2752/2015,16/12/2015, CAMARA CRIMINAL Y CORRECCIONAL FEDERAL - SALA 1,http://www.cij.gov.ar/scp/include/showFile.php?acc=showFAR&id=3862639&tipo=corrupcion-administrativa
CFP 2752/2015,16/12/2015, CAMARA CRIMINAL Y CORRECCIONAL FEDERAL - SALA 1,http://www.cij.gov.ar/scp/include/showFile.php?acc=showFAR&id=3862758&tipo=corrupcion-administrativa
CFP 2752/2015,16/12/2015, CAMARA CRIMINAL Y CORRECCIONAL FEDERAL - SALA 1,http://www.cij.gov.ar/scp/include/showFile.php?acc=showFAR&id=3862864&tipo=corrupcion-administrativa
CFP 2752/2015,16/12/2015, CAMARA CRIMINAL Y CORRECCIONAL FEDERAL - SALA 1,http://www.cij.gov.ar/scp/include/showFile.php?acc=showFAR&id=3862740&tipo=corrupcion-administrativa
CFP 2752/2015,16/12/2015, CAMARA CRIMINAL Y CORRECCIONAL FEDERAL - SALA 1,http://www.cij.gov.ar/scp/include/showFile.php?acc=showFAR&id=3862844&tipo=corrupcion-administrativa
CFP 2752/2015,03/11/2015, CAMARA CRIMINAL Y CORRECCIONAL FEDERAL - SALA 1,http://www.cij.gov.ar/scp/include/showFile.php?acc=showFAR&id=3745130&tipo=corrupcion-administrativa
CFP 2752/2015,03/11/2015, CAMARA CRIMINAL Y CORRECCIONAL FEDERAL - SALA 1,http://www.cij.gov.ar/scp/include/showFile.php?acc=showFAR&id=3745044&tipo=corrupcion-administrativa
CFP 2752/2015,03/11/2015, CAMARA CRIMINAL Y CORRECCIONAL FEDERAL - SALA 1,http://www.cij.gov.ar/scp/include/showFile.php?acc=showFAR&id=3745046&tipo=corrupcion-administrativa
CFP 2752/2015,08/10/2015, CAMARA CRIMINAL Y CORRECCIONAL FEDERAL - SALA 1,http://www.cij.gov.ar/scp/include/showFile.php?acc=showFAR&id=3676411&tipo=corrupcion-administrativa
CFP 2752/2015,24/09/2015, CAMARA CRIMINAL Y CORRECCIONAL FEDERAL - SALA 1,http://www.cij.gov.ar/scp/include/showFile.php?acc=showFAR&id=3634734&tipo=corrupcion-administrativa
CFP 14216/2003,12/09/2017, CAMARA CRIMINAL Y CORRECCIONAL FEDERAL - SALA 1,http://www.cij.gov.ar/scp/include/showFile.php?acc=showFAR&id=5732429&tipo=corrupcion-administrativa
CFP 14216/2003,17/08/2017, CAMARA CRIMINAL Y CORRECCIONAL FEDERAL - SALA 1,http://www.cij.gov.ar/scp/include/showFile.php?acc=showFAR&id=5634996&tipo=corrupcion-administrativa
CFP 14216/2003,15/08/2017, CAMARA CRIMINAL Y CORRECCIONAL FEDERAL - SALA 1,http://www.cij.gov.ar/scp/include/showFile.php?acc=showFAR&id=5622878&tipo=corrupcion-administrativa
CFP 14216/2003,15/08/2017, CAMARA CRIMINAL Y CORRECCIONAL FEDERAL - SALA 1,http://www.cij.gov.ar/scp/include/showFile.php?acc=showFAR&id=5622602&tipo=corrupcion-administrativa
CFP 14216/2003,03/08/2017, CAMARA CRIMINAL Y CORRECCIONAL FEDERAL - SALA 1,http://www.cij.gov.ar/scp/include/showFile.php?acc=showFAR&id=5574569&tipo=corrupcion-administrativa
CFP 14216/2003,03/08/2017, CAMARA CRIMINAL Y CORRECCIONAL FEDERAL - SALA 1,http://www.cij.gov.ar/scp/include/showFile.php?acc=showFAR&id=5574712&tipo=corrupcion-administrativa
CFP 14216/2003,14/07/2017, CAMARA CRIMINAL Y CORRECCIONAL FEDERAL - SALA 1,http://www.cij.gov.ar/scp/include/showFile.php?acc=showFAR&id=5536429&tipo=corrupcion-administrativa
CFP 14216/2003,14/07/2017, CAMARA CRIMINAL Y CORRECCIONAL FEDERAL - SALA 1,http://www.cij.gov.ar/scp/include/showFile.php?acc=showFAR&id=5536567&tipo=corrupcion-administrativa
CFP 14216/2003,13/07/2017, CAMARA CRIMINAL Y CORRECCIONAL FEDERAL - SALA 1,http://www.cij.gov.ar/scp/include/showFile.php?acc=showFAR&id=5533560&tipo=corrupcion-administrativa
CFP 14216/2003,10/07/2017, CAMARA CRIMINAL Y CORRECCIONAL FEDERAL - SALA 1,http://www.cij.gov.ar/scp/include/showFile.php?acc=showFAR&id=5518107&tipo=corrupcion-administrativa
CFP 14216/2003,04/07/2017, CAMARA CRIMINAL Y CORRECCIONAL FEDERAL - SALA 1,http://www.cij.gov.ar/scp/include/showFile.php?acc=showFAR&id=5500719&tipo=corrupcion-administrativa
CFP 14216/2003,15/06/2017, CAMARA CRIMINAL Y CORRECCIONAL FEDERAL - SALA 1,http://www.cij.gov.ar/scp/include/showFile.php?acc=showFAR&id=5429254&tipo=corrupcion-administrativa
CFP 14216/2003,08/06/2017, CAMARA CRIMINAL Y CORRECCIONAL FEDERAL - SALA 1,http://www.cij.gov.ar/scp/include/showFile.php?acc=showFAR&id=5394284&tipo=corrupcion-administrativa
CFP 14216/2003,23/05/2017, TRIBUNAL ORAL EN LO CRIMINAL FEDERAL 2,http://www.cij.gov.ar/scp/include/showFile.php?acc=showFAR&id=5321190&tipo=corrupcion-administrativa
CFP 14216/2003,23/05/2017, CAMARA CRIMINAL Y CORRECCIONAL FEDERAL - SALA 1,http://www.cij.gov.ar/scp/include/showFile.php?acc=showFAR&id=5680690&tipo=corrupcion-administrativa
CFP 14216/2003,17/05/2017, TRIBUNAL ORAL EN LO CRIMINAL FEDERAL 2,http://www.cij.gov.ar/scp/include/showFile.php?acc=showFAR&id=5638601&tipo=corrupcion-administrativa
CFP 14216/2003,11/05/2017, CAMARA CRIMINAL Y CORRECCIONAL FEDERAL - SALA 1,http://www.cij.gov.ar/scp/include/showFile.php?acc=showFAR&id=5638372&tipo=corrupcion-administrativa
CFP 14216/2003,11/05/2017, TRIBUNAL ORAL EN LO CRIMINAL FEDERAL 2,http://www.cij.gov.ar/scp/include/showFile.php?acc=showFAR&id=5263854&tipo=corrupcion-administrativa
CFP 14216/2003,11/05/2017, CAMARA CRIMINAL Y CORRECCIONAL FEDERAL - SALA 1,http://www.cij.gov.ar/scp/include/showFile.php?acc=showFAR&id=5263788&tipo=corrupcion-administrativa
CFP 14216/2003,08/05/2017, TRIBUNAL ORAL EN LO CRIMINAL FEDERAL 2,http://www.cij.gov.ar/scp/include/showFile.php?acc=showFAR&id=5433402&tipo=corrupcion-administrativa
CFP 14216/2003,03/05/2017, TRIBUNAL ORAL EN LO CRIMINAL FEDERAL 2,http://www.cij.gov.ar/scp/include/showFile.php?acc=showFAR&id=5239091&tipo=corrupcion-administrativa
CFP 14216/2003,03/05/2017, TRIBUNAL ORAL EN LO CRIMINAL FEDERAL 2,http://www.cij.gov.ar/scp/include/showFile.php?acc=showFAR&id=5239015&tipo=corrupcion-administrativa
CFP 14216/2003,02/05/2017, TRIBUNAL ORAL EN LO CRIMINAL FEDERAL 2,http://www.cij.gov.ar/scp/include/showFile.php?acc=showFAR&id=5238895&tipo=corrupcion-administrativa
CFP 14216/2003,26/04/2017, CAMARA CRIMINAL Y CORRECCIONAL FEDERAL - SALA 1,http://www.cij.gov.ar/scp/include/showFile.php?acc=showFAR&id=5199568&tipo=corrupcion-administrativa
CFP 14216/2003,11/04/2017, CAMARA CRIMINAL Y CORRECCIONAL FEDERAL - SALA 1,http://www.cij.gov.ar/scp/include/showFile.php?acc=showFAR&id=5138800&tipo=corrupcion-administrativa
CFP 14216/2003,06/04/2017, TRIBUNAL ORAL EN LO CRIMINAL FEDERAL 2,http://www.cij.gov.ar/scp/include/showFile.php?acc=showFAR&id=5221092&tipo=corrupcion-administrativa
CFP 14216/2003,05/04/2017, TRIBUNAL ORAL EN LO CRIMINAL FEDERAL 2,http://www.cij.gov.ar/scp/include/showFile.php?acc=showFAR&id=5221254&tipo=corrupcion-administrativa
CFP 14216/2003,03/04/2017, TRIBUNAL ORAL EN LO CRIMINAL FEDERAL 2,http://www.cij.gov.ar/scp/include/showFile.php?acc=showFAR&id=5221083&tipo=corrupcion-administrativa
CFP 14216/2003,07/03/2017, CAMARA CRIMINAL Y CORRECCIONAL FEDERAL - SALA 1,http://www.cij.gov.ar/scp/include/showFile.php?acc=showFAR&id=5015078&tipo=corrupcion-administrativa
CFP 14216/2003,07/03/2017, CAMARA CRIMINAL Y CORRECCIONAL FEDERAL - SALA 1,http://www.cij.gov.ar/scp/include/showFile.php?acc=showFAR&id=5015206&tipo=corrupcion-administrativa
CFP 14216/2003,07/03/2017, CAMARA CRIMINAL Y CORRECCIONAL FEDERAL - SALA 1,http://www.cij.gov.ar/scp/include/showFile.php?acc=showFAR&id=5015081&tipo=corrupcion-administrativa
CFP 14216/2003,20/02/2017, TRIBUNAL ORAL EN LO CRIMINAL FEDERAL 2,http://www.cij.gov.ar/scp/include/showFile.php?acc=showFAR&id=4994408&tipo=corrupcion-administrativa
CFP 14216/2003,16/02/2017, TRIBUNAL ORAL EN LO CRIMINAL FEDERAL 2,http://www.cij.gov.ar/scp/include/showFile.php?acc=showFAR&id=4966682&tipo=corrupcion-administrativa
CFP 14216/2003,30/12/2016, TRIBUNAL ORAL EN LO CRIMINAL FEDERAL 2,http://www.cij.gov.ar/scp/include/showFile.php?acc=showFAR&id=4962693&tipo=corrupcion-administrativa
CFP 14216/2003,30/12/2016, TRIBUNAL ORAL EN LO CRIMINAL FEDERAL 2,http://www.cij.gov.ar/scp/include/showFile.php?acc=showFAR&id=4962726&tipo=corrupcion-administrativa
CFP 14216/2003,29/12/2016, CAMARA CRIMINAL Y CORRECCIONAL FEDERAL - SALA 1,http://www.cij.gov.ar/scp/include/showFile.php?acc=showFAR&id=4901781&tipo=corrupcion-administrativa
CFP 14216/2003,19/12/2016, TRIBUNAL ORAL EN LO CRIMINAL FEDERAL 2,http://www.cij.gov.ar/scp/include/showFile.php?acc=showFAR&id=4879381&tipo=corrupcion-administrativa
CFP 14216/2003,13/12/2016, TRIBUNAL ORAL EN LO CRIMINAL FEDERAL 2,http://www.cij.gov.ar/scp/include/showFile.php?acc=showFAR&id=4857887&tipo=corrupcion-administrativa
CFP 14216/2003,23/11/2016, TRIBUNAL ORAL EN LO CRIMINAL FEDERAL 2,http://www.cij.gov.ar/scp/include/showFile.php?acc=showFAR&id=4824802&tipo=corrupcion-administrativa
CFP 14216/2003,11/11/2016, TRIBUNAL ORAL EN LO CRIMINAL FEDERAL 2,http://www.cij.gov.ar/scp/include/showFile.php?acc=showFAR&id=4824664&tipo=corrupcion-administrativa
CFP 14216/2003,08/11/2016, TRIBUNAL ORAL EN LO CRIMINAL FEDERAL 2,http://www.cij.gov.ar/scp/include/showFile.php?acc=showFAR&id=4824512&tipo=corrupcion-administrativa
CFP 14216/2003,08/11/2016, TRIBUNAL ORAL EN LO CRIMINAL FEDERAL 2,http://www.cij.gov.ar/scp/include/showFile.php?acc=showFAR&id=4824384&tipo=corrupcion-administrativa
CFP 14216/2003,26/10/2016, TRIBUNAL ORAL EN LO CRIMINAL FEDERAL 2,http://www.cij.gov.ar/scp/include/showFile.php?acc=showFAR&id=4743275&tipo=corrupcion-administrativa
CFP 14216/2003,21/10/2016, CAMARA CRIMINAL Y CORRECCIONAL FEDERAL - SALA 1,http://www.cij.gov.ar/scp/include/showFile.php?acc=showFAR&id=4705008&tipo=corrupcion-administrativa
CFP 14216/2003,20/10/2016, TRIBUNAL ORAL EN LO CRIMINAL FEDERAL 2,http://www.cij.gov.ar/scp/include/showFile.php?acc=showFAR&id=4742952&tipo=corrupcion-administrativa
CFP 14216/2003,18/10/2016, CAMARA CRIMINAL Y CORRECCIONAL FEDERAL - SALA 1,http://www.cij.gov.ar/scp/include/showFile.php?acc=showFAR&id=4693459&tipo=corrupcion-administrativa
CFP 14216/2003,17/10/2016, TRIBUNAL ORAL EN LO CRIMINAL FEDERAL 2,http://www.cij.gov.ar/scp/include/showFile.php?acc=showFAR&id=4742744&tipo=corrupcion-administrativa
CFP 14216/2003,29/09/2016, TRIBUNAL ORAL EN LO CRIMINAL FEDERAL 2,http://www.cij.gov.ar/scp/include/showFile.php?acc=showFAR&id=4688246&tipo=corrupcion-administrativa
CFP 14216/2003,29/09/2016, TRIBUNAL ORAL EN LO CRIMINAL FEDERAL 2,http://www.cij.gov.ar/scp/include/showFile.php?acc=showFAR&id=4688189&tipo=corrupcion-administrativa
CFP 14216/2003,29/09/2016, TRIBUNAL ORAL EN LO CRIMINAL FEDERAL 2,http://www.cij.gov.ar/scp/include/showFile.php?acc=showFAR&id=4688187&tipo=corrupcion-administrativa
CFP 14216/2003,28/09/2016, TRIBUNAL ORAL EN LO CRIMINAL FEDERAL 2,http://www.cij.gov.ar/scp/include/showFile.php?acc=showFAR&id=4688047&tipo=corrupcion-administrativa
CFP 14216/2003,21/09/2016, TRIBUNAL ORAL EN LO CRIMINAL FEDERAL 5,http://www.cij.gov.ar/scp/include/showFile.php?acc=showFAR&id=4605020&tipo=corrupcion-administrativa
CFP 14216/2003,13/09/2016, CAMARA CRIMINAL Y CORRECCIONAL FEDERAL - SALA 1,http://www.cij.gov.ar/scp/include/showFile.php?acc=showFAR&id=4583399&tipo=corrupcion-administrativa
CFP 14216/2003,13/09/2016, CAMARA CRIMINAL Y CORRECCIONAL FEDERAL - SALA 1,http://www.cij.gov.ar/scp/include/showFile.php?acc=showFAR&id=4581774&tipo=corrupcion-administrativa
CFP 14216/2003,12/09/2016, TRIBUNAL ORAL EN LO CRIMINAL FEDERAL 3,http://www.cij.gov.ar/scp/include/showFile.php?acc=showFAR&id=4574671&tipo=corrupcion-administrativa
CFP 14216/2003,24/08/2016, CAMARA CRIMINAL Y CORRECCIONAL FEDERAL - SALA 1,http://www.cij.gov.ar/scp/include/showFile.php?acc=showFAR&id=4519045&tipo=corrupcion-administrativa
CFP 14216/2003,17/08/2016, TRIBUNAL ORAL EN LO CRIMINAL FEDERAL 2,http://www.cij.gov.ar/scp/include/showFile.php?acc=showFAR&id=4547569&tipo=corrupcion-administrativa
CFP 14216/2003,09/08/2016, CAMARA CRIMINAL Y CORRECCIONAL FEDERAL - SALA 1,http://www.cij.gov.ar/scp/include/showFile.php?acc=showFAR&id=4464303&tipo=corrupcion-administrativa
CFP 14216/2003,09/08/2016, CAMARA CRIMINAL Y CORRECCIONAL FEDERAL - SALA 1,http://www.cij.gov.ar/scp/include/showFile.php?acc=showFAR&id=4464288&tipo=corrupcion-administrativa
CFP 14216/2003,02/08/2016, CAMARA CRIMINAL Y CORRECCIONAL FEDERAL - SALA 1,http://www.cij.gov.ar/scp/include/showFile.php?acc=showFAR&id=4442176&tipo=corrupcion-administrativa
CFP 14216/2003,14/07/2016, CAMARA CRIMINAL Y CORRECCIONAL FEDERAL - SALA 1,http://www.cij.gov.ar/scp/include/showFile.php?acc=showFAR&id=4420297&tipo=corrupcion-administrativa
CFP 14216/2003,07/07/2016, CAMARA CRIMINAL Y CORRECCIONAL FEDERAL - SALA 1,http://www.cij.gov.ar/scp/include/showFile.php?acc=showFAR&id=4404785&tipo=corrupcion-administrativa
CFP 14216/2003,07/07/2016, CAMARA CRIMINAL Y CORRECCIONAL FEDERAL - SALA 1,http://www.cij.gov.ar/scp/include/showFile.php?acc=showFAR&id=4404585&tipo=corrupcion-administrativa
CFP 14216/2003,06/07/2016, TRIBUNAL ORAL EN LO CRIMINAL FEDERAL 2,http://www.cij.gov.ar/scp/include/showFile.php?acc=showFAR&id=4546893&tipo=corrupcion-administrativa
CFP 14216/2003,14/06/2016, CAMARA CRIMINAL Y CORRECCIONAL FEDERAL - SALA 1,http://www.cij.gov.ar/scp/include/showFile.php?acc=showFAR&id=4333703&tipo=corrupcion-administrativa
CFP 14216/2003,13/06/2016, TRIBUNAL ORAL EN LO CRIMINAL FEDERAL 5,http://www.cij.gov.ar/scp/include/showFile.php?acc=showFAR&id=4326014&tipo=corrupcion-administrativa
CFP 14216/2003,09/06/2016, TRIBUNAL ORAL EN LO CRIMINAL FEDERAL 2,http://www.cij.gov.ar/scp/include/showFile.php?acc=showFAR&id=4538909&tipo=corrupcion-administrativa
CFP 14216/2003,31/05/2016, CAMARA CRIMINAL Y CORRECCIONAL FEDERAL - SALA 1,http://www.cij.gov.ar/scp/include/showFile.php?acc=showFAR&id=4285894&tipo=corrupcion-administrativa
CFP 14216/2003,19/05/2016, CAMARA CRIMINAL Y CORRECCIONAL FEDERAL - SALA 1,http://www.cij.gov.ar/scp/include/showFile.php?acc=showFAR&id=4255241&tipo=corrupcion-administrativa
CFP 14216/2003,19/05/2016, CAMARA CRIMINAL Y CORRECCIONAL FEDERAL - SALA 1,http://www.cij.gov.ar/scp/include/showFile.php?acc=showFAR&id=4255200&tipo=corrupcion-administrativa
CFP 14216/2003,19/05/2016, CAMARA CRIMINAL Y CORRECCIONAL FEDERAL - SALA 1,http://www.cij.gov.ar/scp/include/showFile.php?acc=showFAR&id=4255115&tipo=corrupcion-administrativa
CFP 14216/2003,13/05/2016, CAMARA CRIMINAL Y CORRECCIONAL FEDERAL - SALA 1,http://www.cij.gov.ar/scp/include/showFile.php?acc=showFAR&id=4236880&tipo=corrupcion-administrativa
CFP 14216/2003,13/05/2016, CAMARA CRIMINAL Y CORRECCIONAL FEDERAL - SALA 1,http://www.cij.gov.ar/scp/include/showFile.php?acc=showFAR&id=4236871&tipo=corrupcion-administrativa
CFP 14216/2003,13/05/2016, CAMARA CRIMINAL Y CORRECCIONAL FEDERAL - SALA 1,http://www.cij.gov.ar/scp/include/showFile.php?acc=showFAR&id=4235347&tipo=corrupcion-administrativa
CFP 14216/2003,26/04/2016, CAMARA CRIMINAL Y CORRECCIONAL FEDERAL - SALA 1,http://www.cij.gov.ar/scp/include/showFile.php?acc=showFAR&id=4180618&tipo=corrupcion-administrativa
CFP 14216/2003,26/04/2016, CAMARA CRIMINAL Y CORRECCIONAL FEDERAL - SALA 1,http://www.cij.gov.ar/scp/include/showFile.php?acc=showFAR&id=4180619&tipo=corrupcion-administrativa
CFP 14216/2003,26/04/2016, CAMARA CRIMINAL Y CORRECCIONAL FEDERAL - SALA 1,http://www.cij.gov.ar/scp/include/showFile.php?acc=showFAR&id=4178029&tipo=corrupcion-administrativa
CFP 14216/2003,19/04/2016, CAMARA CRIMINAL Y CORRECCIONAL FEDERAL - SALA 1,http://www.cij.gov.ar/scp/include/showFile.php?acc=showFAR&id=4171662&tipo=corrupcion-administrativa
CFP 14216/2003,19/04/2016, CAMARA CRIMINAL Y CORRECCIONAL FEDERAL - SALA 1,http://www.cij.gov.ar/scp/include/showFile.php?acc=showFAR&id=4153130&tipo=corrupcion-administrativa
CFP 14216/2003,30/03/2016, TRIBUNAL ORAL EN LO CRIMINAL FEDERAL 2,http://www.cij.gov.ar/scp/include/showFile.php?acc=showFAR&id=4510194&tipo=corrupcion-administrativa
CFP 14216/2003,23/03/2016, TRIBUNAL ORAL EN LO CRIMINAL FEDERAL 2,http://www.cij.gov.ar/scp/include/showFile.php?acc=showFAR&id=4510176&tipo=corrupcion-administrativa
CFP 14216/2003,23/03/2016, TRIBUNAL ORAL EN LO CRIMINAL FEDERAL 2,http://www.cij.gov.ar/scp/include/showFile.php?acc=showFAR&id=4505551&tipo=corrupcion-administrativa
CFP 14216/2003,21/03/2016, CAMARA CRIMINAL Y CORRECCIONAL FEDERAL - SALA 1,http://www.cij.gov.ar/scp/include/showFile.php?acc=showFAR&id=4064337&tipo=corrupcion-administrativa
CFP 14216/2003,21/03/2016, CAMARA CRIMINAL Y CORRECCIONAL FEDERAL - SALA 1,http://www.cij.gov.ar/scp/include/showFile.php?acc=showFAR&id=4064131&tipo=corrupcion-administrativa
CFP 14216/2003,21/03/2016, CAMARA CRIMINAL Y CORRECCIONAL FEDERAL - SALA 1,http://www.cij.gov.ar/scp/include/showFile.php?acc=showFAR&id=4064423&tipo=corrupcion-administrativa
CFP 14216/2003,08/03/2016, TRIBUNAL ORAL EN LO CRIMINAL FEDERAL 2,http://www.cij.gov.ar/scp/include/showFile.php?acc=showFAR&id=4505201&tipo=corrupcion-administrativa
CFP 14216/2003,02/03/2016, CAMARA CRIMINAL Y CORRECCIONAL FEDERAL - SALA 1,http://www.cij.gov.ar/scp/include/showFile.php?acc=showFAR&id=3998453&tipo=corrupcion-administrativa
CFP 14216/2003,01/03/2016, TRIBUNAL ORAL EN LO CRIMINAL FEDERAL 2,http://www.cij.gov.ar/scp/include/showFile.php?acc=showFAR&id=4500269&tipo=corrupcion-administrativa
CFP 14216/2003,23/02/2016, CAMARA CRIMINAL Y CORRECCIONAL FEDERAL - SALA 1,http://www.cij.gov.ar/scp/include/showFile.php?acc=showFAR&id=3968474&tipo=corrupcion-administrativa
CFP 14216/2003,17/02/2016, CAMARA CRIMINAL Y CORRECCIONAL FEDERAL - SALA 1,http://www.cij.gov.ar/scp/include/showFile.php?acc=showFAR&id=3949876&tipo=corrupcion-administrativa
CFP 14216/2003,16/02/2016, TRIBUNAL ORAL EN LO CRIMINAL FEDERAL 2,http://www.cij.gov.ar/scp/include/showFile.php?acc=showFAR&id=4556173&tipo=corrupcion-administrativa
CFP 14216/2003,11/02/2016, TRIBUNAL ORAL EN LO CRIMINAL FEDERAL 2,http://www.cij.gov.ar/scp/include/showFile.php?acc=showFAR&id=4556055&tipo=corrupcion-administrativa
CFP 14216/2003,04/02/2016, CAMARA CRIMINAL Y CORRECCIONAL FEDERAL - SALA 1,http://www.cij.gov.ar/scp/include/showFile.php?acc=showFAR&id=3920034&tipo=corrupcion-administrativa
CFP 14216/2003,20/01/2016, CAMARA CRIMINAL Y CORRECCIONAL FEDERAL - SALA 1,http://www.cij.gov.ar/scp/include/showFile.php?acc=showFAR&id=3904702&tipo=corrupcion-administrativa
CFP 14216/2003,28/12/2015, CAMARA CRIMINAL Y CORRECCIONAL FEDERAL - SALA 1,http://www.cij.gov.ar/scp/include/showFile.php?acc=showFAR&id=3889430&tipo=corrupcion-administrativa
CFP 14216/2003,23/12/2015, CAMARA CRIMINAL Y CORRECCIONAL FEDERAL - SALA 1,http://www.cij.gov.ar/scp/include/showFile.php?acc=showFAR&id=3885512&tipo=corrupcion-administrativa
CFP 14216/2003,22/12/2015, CAMARA CRIMINAL Y CORRECCIONAL FEDERAL - SALA 1,http://www.cij.gov.ar/scp/include/showFile.php?acc=showFAR&id=3883722&tipo=corrupcion-administrativa
CFP 14216/2003,03/12/2015, CAMARA CRIMINAL Y CORRECCIONAL FEDERAL - SALA 1,http://www.cij.gov.ar/scp/include/showFile.php?acc=showFAR&id=3832858&tipo=corrupcion-administrativa
CFP 14216/2003,01/12/2015, CAMARA CRIMINAL Y CORRECCIONAL FEDERAL - SALA 1,http://www.cij.gov.ar/scp/include/showFile.php?acc=showFAR&id=3824556&tipo=corrupcion-administrativa
CFP 14216/2003,26/11/2015, CAMARA CRIMINAL Y CORRECCIONAL FEDERAL - SALA 1,http://www.cij.gov.ar/scp/include/showFile.php?acc=showFAR&id=3817955&tipo=corrupcion-administrativa
CFP 14216/2003,18/11/2015, TRIBUNAL ORAL EN LO CRIMINAL FEDERAL 2,http://www.cij.gov.ar/scp/include/showFile.php?acc=showFAR&id=4552537&tipo=corrupcion-administrativa
CFP 14216/2003,08/10/2015, CAMARA CRIMINAL Y CORRECCIONAL FEDERAL - SALA 1,http://www.cij.gov.ar/scp/include/showFile.php?acc=showFAR&id=3673242&tipo=corrupcion-administrativa
CFP 14216/2003,06/10/2015, CAMARA CRIMINAL Y CORRECCIONAL FEDERAL - SALA 1,http://www.cij.gov.ar/scp/include/showFile.php?acc=showFAR&id=3666372&tipo=corrupcion-administrativa
CFP 14216/2003,01/10/2015, TRIBUNAL ORAL EN LO CRIMINAL FEDERAL 2,http://www.cij.gov.ar/scp/include/showFile.php?acc=showFAR&id=4551587&tipo=corrupcion-administrativa
CFP 14216/2003,03/09/2015, CAMARA CRIMINAL Y CORRECCIONAL FEDERAL - SALA 1,http://www.cij.gov.ar/scp/include/showFile.php?acc=showFAR&id=3565921&tipo=corrupcion-administrativa
CFP 14216/2003,11/08/2015, CAMARA CRIMINAL Y CORRECCIONAL FEDERAL - SALA 1,http://www.cij.gov.ar/scp/include/showFile.php?acc=showFAR&id=3496665&tipo=corrupcion-administrativa
CFP 14216/2003,04/08/2015, CAMARA CRIMINAL Y CORRECCIONAL FEDERAL - SALA 1,http://www.cij.gov.ar/scp/include/showFile.php?acc=showFAR&id=3478654&tipo=corrupcion-administrativa
CFP 14216/2003,15/07/2015, TRIBUNAL ORAL EN LO CRIMINAL FEDERAL 2,http://www.cij.gov.ar/scp/include/showFile.php?acc=showFAR&id=3465018&tipo=corrupcion-administrativa
CFP 14216/2003,15/07/2015, TRIBUNAL ORAL EN LO CRIMINAL FEDERAL 2,http://www.cij.gov.ar/scp/include/showFile.php?acc=showFAR&id=3465010&tipo=corrupcion-administrativa
CFP 14216/2003,15/07/2015, TRIBUNAL ORAL EN LO CRIMINAL FEDERAL 2,http://www.cij.gov.ar/scp/include/showFile.php?acc=showFAR&id=3465009&tipo=corrupcion-administrativa
CFP 14216/2003,15/07/2015, TRIBUNAL ORAL EN LO CRIMINAL FEDERAL 2,http://www.cij.gov.ar/scp/include/showFile.php?acc=showFAR&id=3465015&tipo=corrupcion-administrativa
CFP 14216/2003,02/07/2015, CAMARA CRIMINAL Y CORRECCIONAL FEDERAL - SALA 1,http://www.cij.gov.ar/scp/include/showFile.php?acc=showFAR&id=3417767&tipo=corrupcion-administrativa
CFP 14216/2003,30/06/2015, CAMARA CRIMINAL Y CORRECCIONAL FEDERAL - SALA 1,http://www.cij.gov.ar/scp/include/showFile.php?acc=showFAR&id=3409255&tipo=corrupcion-administrativa
CFP 14216/2003,25/06/2015, TRIBUNAL ORAL EN LO CRIMINAL FEDERAL 2,http://www.cij.gov.ar/scp/include/showFile.php?acc=showFAR&id=3464983&tipo=corrupcion-administrativa
CFP 14216/2003,25/06/2015, TRIBUNAL ORAL EN LO CRIMINAL FEDERAL 2,http://www.cij.gov.ar/scp/include/showFile.php?acc=showFAR&id=3464887&tipo=corrupcion-administrativa
CFP 14216/2003,24/06/2015, TRIBUNAL ORAL EN LO CRIMINAL FEDERAL 2,http://www.cij.gov.ar/scp/include/showFile.php?acc=showFAR&id=3464939&tipo=corrupcion-administrativa
CFP 14216/2003,23/06/2015, TRIBUNAL ORAL EN LO CRIMINAL FEDERAL 2,http://www.cij.gov.ar/scp/include/showFile.php?acc=showFAR&id=3464885&tipo=corrupcion-administrativa
CFP 14216/2003,27/05/2015, TRIBUNAL ORAL EN LO CRIMINAL FEDERAL 2,http://www.cij.gov.ar/scp/include/showFile.php?acc=showFAR&id=3378103&tipo=corrupcion-administrativa
CFP 14216/2003,07/05/2015, CAMARA CRIMINAL Y CORRECCIONAL FEDERAL - SALA 1,http://www.cij.gov.ar/scp/include/showFile.php?acc=showFAR&id=3258715&tipo=corrupcion-administrativa
CFP 14216/2003,05/05/2015, CAMARA CRIMINAL Y CORRECCIONAL FEDERAL - SALA 1,http://www.cij.gov.ar/scp/include/showFile.php?acc=showFAR&id=3250897&tipo=corrupcion-administrativa
CFP 14216/2003,05/02/2015, CAMARA CRIMINAL Y CORRECCIONAL FEDERAL - SALA 1,http://www.cij.gov.ar/scp/include/showFile.php?acc=showFAR&id=1897914&tipo=corrupcion-administrativa
CFP 14216/2003,05/02/2015, CAMARA CRIMINAL Y CORRECCIONAL FEDERAL - SALA 1,http://www.cij.gov.ar/scp/include/showFile.php?acc=showFAR&id=1897902&tipo=corrupcion-administrativa
CFP 14216/2003,05/02/2015, CAMARA CRIMINAL Y CORRECCIONAL FEDERAL - SALA 1,http://www.cij.gov.ar/scp/include/showFile.php?acc=showFAR&id=1897893&tipo=corrupcion-administrativa
CFP 14216/2003,05/02/2015, CAMARA CRIMINAL Y CORRECCIONAL FEDERAL - SALA 1,http://www.cij.gov.ar/scp/include/showFile.php?acc=showFAR&id=1897875&tipo=corrupcion-administrativa
CFP 14216/2003,14/01/2015, CAMARA CRIMINAL Y CORRECCIONAL FEDERAL - SALA 1,http://www.cij.gov.ar/scp/include/showFile.php?acc=showFAR&id=1876335&tipo=corrupcion-administrativa
CFP 14216/2003,23/12/2014, CAMARA CRIMINAL Y CORRECCIONAL FEDERAL - SALA 1,http://www.cij.gov.ar/scp/include/showFile.php?acc=showFAR&id=1866081&tipo=corrupcion-administrativa
CFP 14216/2003,16/12/2014, CAMARA CRIMINAL Y CORRECCIONAL FEDERAL - SALA 1,http://www.cij.gov.ar/scp/include/showFile.php?acc=showFAR&id=1849730&tipo=corrupcion-administrativa
CFP 14216/2003,02/12/2014, CAMARA CRIMINAL Y CORRECCIONAL FEDERAL - SALA 1,http://www.cij.gov.ar/scp/include/showFile.php?acc=showFAR&id=1822743&tipo=corrupcion-administrativa
CFP 14216/2003,02/12/2014, CAMARA CRIMINAL Y CORRECCIONAL FEDERAL - SALA 1,http://www.cij.gov.ar/scp/include/showFile.php?acc=showFAR&id=1822742&tipo=corrupcion-administrativa
CFP 14216/2003,18/11/2014, CAMARA CRIMINAL Y CORRECCIONAL FEDERAL - SALA 1,http://www.cij.gov.ar/scp/include/showFile.php?acc=showFAR&id=1791650&tipo=corrupcion-administrativa
CFP 14216/2003,09/10/2014, CAMARA CRIMINAL Y CORRECCIONAL FEDERAL - SALA 1,http://www.cij.gov.ar/scp/include/showFile.php?acc=showFAR&id=1705655&tipo=corrupcion-administrativa
CFP 14216/2003,30/09/2014, CAMARA CRIMINAL Y CORRECCIONAL FEDERAL - SALA 1,http://www.cij.gov.ar/scp/include/showFile.php?acc=showFAR&id=1683942&tipo=corrupcion-administrativa
CFP 14216/2003,24/09/2014, CAMARA CRIMINAL Y CORRECCIONAL FEDERAL - SALA 1,http://www.cij.gov.ar/scp/include/showFile.php?acc=showFAR&id=1669781&tipo=corrupcion-administrativa
CFP 14216/2003,09/09/2014, CAMARA CRIMINAL Y CORRECCIONAL FEDERAL - SALA 1,http://www.cij.gov.ar/scp/include/showFile.php?acc=showFAR&id=1637013&tipo=corrupcion-administrativa
CFP 14216/2003,26/08/2014, CAMARA CRIMINAL Y CORRECCIONAL FEDERAL - SALA 1,http://www.cij.gov.ar/scp/include/showFile.php?acc=showFAR&id=1285067&tipo=corrupcion-administrativa
CFP 14216/2003,26/08/2014, CAMARA CRIMINAL Y CORRECCIONAL FEDERAL - SALA 1,http://www.cij.gov.ar/scp/include/showFile.php?acc=showFAR&id=1285074&tipo=corrupcion-administrativa
CFP 14216/2003,26/08/2014, CAMARA CRIMINAL Y CORRECCIONAL FEDERAL - SALA 1,http://www.cij.gov.ar/scp/include/showFile.php?acc=showFAR&id=1285072&tipo=corrupcion-administrativa
CFP 14216/2003,14/08/2014, CAMARA CRIMINAL Y CORRECCIONAL FEDERAL - SALA 1,http://www.cij.gov.ar/scp/include/showFile.php?acc=showFAR&id=1041730&tipo=corrupcion-administrativa
CFP 14216/2003,12/08/2014, CAMARA CRIMINAL Y CORRECCIONAL FEDERAL - SALA 1,http://www.cij.gov.ar/scp/include/showFile.php?acc=showFAR&id=1036264&tipo=corrupcion-administrativa
CFP 14216/2003,05/08/2014, CAMARA CRIMINAL Y CORRECCIONAL FEDERAL - SALA 1,http://www.cij.gov.ar/scp/include/showFile.php?acc=showFAR&id=1022415&tipo=corrupcion-administrativa
CFP 14216/2003,05/08/2014, CAMARA CRIMINAL Y CORRECCIONAL FEDERAL - SALA 1,http://www.cij.gov.ar/scp/include/showFile.php?acc=showFAR&id=1022357&tipo=corrupcion-administrativa
CFP 14216/2003,05/08/2014, CAMARA CRIMINAL Y CORRECCIONAL FEDERAL - SALA 1,http://www.cij.gov.ar/scp/include/showFile.php?acc=showFAR&id=1022377&tipo=corrupcion-administrativa
CFP 14216/2003,05/08/2014, CAMARA CRIMINAL Y CORRECCIONAL FEDERAL - SALA 1,http://www.cij.gov.ar/scp/include/showFile.php?acc=showFAR&id=1022414&tipo=corrupcion-administrativa
CFP 14216/2003,16/07/2014, CAMARA CRIMINAL Y CORRECCIONAL FEDERAL - SALA 1,http://www.cij.gov.ar/scp/include/showFile.php?acc=showFAR&id=999949&tipo=corrupcion-administrativa
CFP 14216/2003,15/07/2014, CAMARA CRIMINAL Y CORRECCIONAL FEDERAL - SALA 1,http://www.cij.gov.ar/scp/include/showFile.php?acc=showFAR&id=998675&tipo=corrupcion-administrativa
CFP 14216/2003,24/06/2014, CAMARA CRIMINAL Y CORRECCIONAL FEDERAL - SALA 1,http://www.cij.gov.ar/scp/include/showFile.php?acc=showFAR&id=816593&tipo=corrupcion-administrativa
CFP 14216/2003,24/06/2014, CAMARA CRIMINAL Y CORRECCIONAL FEDERAL - SALA 1,http://www.cij.gov.ar/scp/include/showFile.php?acc=showFAR&id=816589&tipo=corrupcion-administrativa
CFP 14216/2003,05/06/2014, CAMARA CRIMINAL Y CORRECCIONAL FEDERAL - SALA 1,http://www.cij.gov.ar/scp/include/showFile.php?acc=showFAR&id=563300&tipo=corrupcion-administrativa
CFP 14216/2003,05/06/2014, CAMARA CRIMINAL Y CORRECCIONAL FEDERAL - SALA 1,http://www.cij.gov.ar/scp/include/showFile.php?acc=showFAR&id=563321&tipo=corrupcion-administrativa
CFP 14216/2003,05/06/2014, CAMARA CRIMINAL Y CORRECCIONAL FEDERAL - SALA 1,http://www.cij.gov.ar/scp/include/showFile.php?acc=showFAR&id=563319&tipo=corrupcion-administrativa
CFP 14216/2003,27/05/2014, CAMARA CRIMINAL Y CORRECCIONAL FEDERAL - SALA 1,http://www.cij.gov.ar/scp/include/showFile.php?acc=showFAR&id=543736&tipo=corrupcion-administrativa
CFP 14216/2003,27/05/2014, CAMARA CRIMINAL Y CORRECCIONAL FEDERAL - SALA 1,http://www.cij.gov.ar/scp/include/showFile.php?acc=showFAR&id=543759&tipo=corrupcion-administrativa
CFP 14216/2003,27/05/2014, CAMARA CRIMINAL Y CORRECCIONAL FEDERAL - SALA 1,http://www.cij.gov.ar/scp/include/showFile.php?acc=showFAR&id=543775&tipo=corrupcion-administrativa
CFP 14216/2003,27/05/2014, CAMARA CRIMINAL Y CORRECCIONAL FEDERAL - SALA 1,http://www.cij.gov.ar/scp/include/showFile.php?acc=showFAR&id=543760&tipo=corrupcion-administrativa
CFP 14216/2003,22/05/2014, CAMARA CRIMINAL Y CORRECCIONAL FEDERAL - SALA 1,http://www.cij.gov.ar/scp/include/showFile.php?acc=showFAR&id=536849&tipo=corrupcion-administrativa
CFP 14216/2003,16/05/2014, CAMARA CRIMINAL Y CORRECCIONAL FEDERAL - SALA 1,http://www.cij.gov.ar/scp/include/showFile.php?acc=showFAR&id=528125&tipo=corrupcion-administrativa
CFP 14216/2003,29/04/2014, CAMARA CRIMINAL Y CORRECCIONAL FEDERAL - SALA 1,http://www.cij.gov.ar/scp/include/showFile.php?acc=showFAR&id=500234&tipo=corrupcion-administrativa
CFP 14216/2003,29/04/2014, CAMARA CRIMINAL Y CORRECCIONAL FEDERAL - SALA 1,http://www.cij.gov.ar/scp/include/showFile.php?acc=showFAR&id=500235&tipo=corrupcion-administrativa
CFP 14216/2003,15/04/2014, CAMARA CRIMINAL Y CORRECCIONAL FEDERAL - SALA 1,http://www.cij.gov.ar/scp/include/showFile.php?acc=showFAR&id=489769&tipo=corrupcion-administrativa
CFP 14216/2003,15/04/2014, CAMARA CRIMINAL Y CORRECCIONAL FEDERAL - SALA 1,http://www.cij.gov.ar/scp/include/showFile.php?acc=showFAR&id=512953&tipo=corrupcion-administrativa
CFP 14216/2003,15/04/2014, CAMARA CRIMINAL Y CORRECCIONAL FEDERAL - SALA 1,http://www.cij.gov.ar/scp/include/showFile.php?acc=showFAR&id=512905&tipo=corrupcion-administrativa
CFP 14216/2003,15/04/2014, CAMARA CRIMINAL Y CORRECCIONAL FEDERAL - SALA 1,http://www.cij.gov.ar/scp/include/showFile.php?acc=showFAR&id=489680&tipo=corrupcion-administrativa
CFP 14216/2003,15/04/2014, CAMARA CRIMINAL Y CORRECCIONAL FEDERAL - SALA 1,http://www.cij.gov.ar/scp/include/showFile.php?acc=showFAR&id=512874&tipo=corrupcion-administrativa
CFP 14216/2003,15/04/2014, CAMARA CRIMINAL Y CORRECCIONAL FEDERAL - SALA 1,http://www.cij.gov.ar/scp/include/showFile.php?acc=showFAR&id=489940&tipo=corrupcion-administrativa
CFP 14216/2003,15/04/2014, CAMARA CRIMINAL Y CORRECCIONAL FEDERAL - SALA 1,http://www.cij.gov.ar/scp/include/showFile.php?acc=showFAR&id=512877&tipo=corrupcion-administrativa
CFP 14216/2003,18/02/2014, CAMARA CRIMINAL Y CORRECCIONAL FEDERAL - SALA 1,http://www.cij.gov.ar/scp/include/showFile.php?acc=showFAR&id=476760&tipo=corrupcion-administrativa
CFP 14216/2003,19/12/2013, CAMARA CRIMINAL Y CORRECCIONAL FEDERAL - SALA 1,http://www.cij.gov.ar/scp/include/showFile.php?acc=showFAR&id=463023&tipo=corrupcion-administrativa
CFP 14216/2003,19/12/2013, CAMARA CRIMINAL Y CORRECCIONAL FEDERAL - SALA 1,http://www.cij.gov.ar/scp/include/showFile.php?acc=showFAR&id=463069&tipo=corrupcion-administrativa
CFP 14216/2003,11/12/2013, CAMARA CRIMINAL Y CORRECCIONAL FEDERAL - SALA 1,http://www.cij.gov.ar/scp/include/showFile.php?acc=showFAR&id=460013&tipo=corrupcion-administrativa
CFP 14216/2003,09/12/2013, CAMARA CRIMINAL Y CORRECCIONAL FEDERAL - SALA 1,http://www.cij.gov.ar/scp/include/showFile.php?acc=showFAR&id=458779&tipo=corrupcion-administrativa
CFP 14216/2003,09/12/2013, CAMARA CRIMINAL Y CORRECCIONAL FEDERAL - SALA 1,http://www.cij.gov.ar/scp/include/showFile.php?acc=showFAR&id=458744&tipo=corrupcion-administrativa
CFP 14216/2003,05/12/2013, CAMARA CRIMINAL Y CORRECCIONAL FEDERAL - SALA 1,http://www.cij.gov.ar/scp/include/showFile.php?acc=showFAR&id=457756&tipo=corrupcion-administrativa
CFP 14216/2003,26/11/2013, CAMARA CRIMINAL Y CORRECCIONAL FEDERAL - SALA 1,http://www.cij.gov.ar/scp/include/showFile.php?acc=showFAR&id=454490&tipo=corrupcion-administrativa
CFP 14216/2003,19/11/2013, CAMARA CRIMINAL Y CORRECCIONAL FEDERAL - SALA 1,http://www.cij.gov.ar/scp/include/showFile.php?acc=showFAR&id=452261&tipo=corrupcion-administrativa
CFP 14216/2003,31/10/2013, CAMARA CRIMINAL Y CORRECCIONAL FEDERAL - SALA 1,http://www.cij.gov.ar/scp/include/showFile.php?acc=showFAR&id=387850&tipo=corrupcion-administrativa
CFP 14216/2003,15/10/2013, CAMARA CRIMINAL Y CORRECCIONAL FEDERAL - SALA 1,http://www.cij.gov.ar/scp/include/showFile.php?acc=showFAR&id=382968&tipo=corrupcion-administrativa
